"10","Moriah.Stanton","False","ut cupiditate sequi aliquam fuga maiores"
"10","Moriah.Stanton","True","inventore saepe cumque et aut illum enim"
"10","Moriah.Stanton","True","omnis nulla eum aliquam distinctio"
"10","Moriah.Stanton","False","molestias modi perferendis perspiciatis"
"10","Moriah.Stanton","False","voluptates dignissimos sed doloribus animi quaerat aut"
"10","Moriah.Stanton","False","explicabo odio est et"
"10","Moriah.Stanton","False","consequuntur animi possimus"
"10","Moriah.Stanton","True","vel non beatae est"
"10","Moriah.Stanton","True","culpa eius et voluptatem et"
"10","Moriah.Stanton","True","accusamus sint iusto et voluptatem exercitationem"
"10","Moriah.Stanton","True","temporibus atque distinctio omnis eius impedit tempore molestias pariatur"
"10","Moriah.Stanton","False","ut quas possimus exercitationem sint voluptates"
"10","Moriah.Stanton","True","rerum debitis voluptatem qui eveniet tempora distinctio a"
"10","Moriah.Stanton","False","sed ut vero sit molestiae"
"10","Moriah.Stanton","True","rerum ex veniam mollitia voluptatibus pariatur"
"10","Moriah.Stanton","True","consequuntur aut ut fugit similique"
"10","Moriah.Stanton","True","dignissimos quo nobis earum saepe"
"10","Moriah.Stanton","True","quis eius est sint explicabo"
"10","Moriah.Stanton","True","numquam repellendus a magnam"
"10","Moriah.Stanton","False","ipsam aperiam voluptates qui"
